<?xml version="1.0" encoding="UTF-8" standalone="no"?>
<LoganContent xmlns="http://www.oracle.com/DataCenter/LogAnalyticsStd" content_version="2.76.2.0.0" name="content_ocid1.tenancy.oc1..aaaaaaaabbluv553jc3lnknplqkvndm4qcgfaigolrogpuz6ylk42iodrx4q_1675781139532" oms_version="2.76.2.0.0">
   <Field oms_version="2.76.2.0.0">
      <DisplayName>IAM Admin Resource Type</DisplayName>
      <FieldType>1</FieldType>
      <IsSystem>0</IsSystem>
      <IsPrimary>1</IsPrimary>
      <DataType>STRING</DataType>
      <IsMetricKeyEligible>0</IsMetricKeyEligible>
      <IsMetricValueEligible>0</IsMetricValueEligible>
      <FacetEligible>1</FacetEligible>
      <RangeFacetEligible>0</RangeFacetEligible>
      <TableEligible>1</TableEligible>
      <FacetPriority>1</FacetPriority>
      <Summarizable>1</Summarizable>
      <HighCardinality>1</HighCardinality>
      <LargeData>0</LargeData>
      <MultiValued>0</MultiValued>
      <SMAEnabledSetting>0</SMAEnabledSetting>
   </Field>
   <Field oms_version="2.76.2.0.0">
      <DisplayName>IAM Admin Target Name</DisplayName>
      <Description>adminRefResourceName</Description>
      <FieldType>1</FieldType>
      <IsSystem>0</IsSystem>
      <IsPrimary>1</IsPrimary>
      <DataType>STRING</DataType>
      <IsMetricKeyEligible>0</IsMetricKeyEligible>
      <IsMetricValueEligible>0</IsMetricValueEligible>
      <FacetEligible>1</FacetEligible>
      <RangeFacetEligible>0</RangeFacetEligible>
      <TableEligible>1</TableEligible>
      <FacetPriority>1</FacetPriority>
      <Summarizable>1</Summarizable>
      <HighCardinality>1</HighCardinality>
      <LargeData>0</LargeData>
      <MultiValued>0</MultiValued>
      <SMAEnabledSetting>0</SMAEnabledSetting>
   </Field>
   <Field oms_version="2.76.2.0.0">
      <DisplayName>IAM SSO Comments</DisplayName>
      <FieldType>1</FieldType>
      <IsSystem>0</IsSystem>
      <IsPrimary>1</IsPrimary>
      <DataType>STRING</DataType>
      <IsMetricKeyEligible>0</IsMetricKeyEligible>
      <IsMetricValueEligible>0</IsMetricValueEligible>
      <FacetEligible>1</FacetEligible>
      <RangeFacetEligible>0</RangeFacetEligible>
      <TableEligible>1</TableEligible>
      <FacetPriority>1</FacetPriority>
      <Summarizable>1</Summarizable>
      <HighCardinality>1</HighCardinality>
      <LargeData>0</LargeData>
      <MultiValued>0</MultiValued>
      <SMAEnabledSetting>0</SMAEnabledSetting>
   </Field>
   <Field oms_version="2.76.2.0.0">
      <DisplayName>IAM Actor Name</DisplayName>
      <Description>Actor Display Name</Description>
      <FieldType>1</FieldType>
      <IsSystem>0</IsSystem>
      <IsPrimary>1</IsPrimary>
      <DataType>STRING</DataType>
      <IsMetricKeyEligible>0</IsMetricKeyEligible>
      <IsMetricValueEligible>0</IsMetricValueEligible>
      <FacetEligible>1</FacetEligible>
      <RangeFacetEligible>0</RangeFacetEligible>
      <TableEligible>1</TableEligible>
      <FacetPriority>1</FacetPriority>
      <Summarizable>1</Summarizable>
      <HighCardinality>1</HighCardinality>
      <LargeData>0</LargeData>
      <MultiValued>0</MultiValued>
      <SMAEnabledSetting>0</SMAEnabledSetting>
   </Field>
   <Field oms_version="2.76.2.0.0">
      <DisplayName>IAM Admin Target Type</DisplayName>
      <Description>adminRefResourceType</Description>
      <FieldType>1</FieldType>
      <IsSystem>0</IsSystem>
      <IsPrimary>1</IsPrimary>
      <DataType>STRING</DataType>
      <IsMetricKeyEligible>0</IsMetricKeyEligible>
      <IsMetricValueEligible>0</IsMetricValueEligible>
      <FacetEligible>1</FacetEligible>
      <RangeFacetEligible>0</RangeFacetEligible>
      <TableEligible>1</TableEligible>
      <FacetPriority>1</FacetPriority>
      <Summarizable>1</Summarizable>
      <HighCardinality>1</HighCardinality>
      <LargeData>0</LargeData>
      <MultiValued>0</MultiValued>
      <SMAEnabledSetting>0</SMAEnabledSetting>
   </Field>
   <Field oms_version="2.76.2.0.0">
      <DisplayName>IAM AppRole App</DisplayName>
      <Description>adminAppRoleAppName</Description>
      <FieldType>1</FieldType>
      <IsSystem>0</IsSystem>
      <IsPrimary>1</IsPrimary>
      <DataType>STRING</DataType>
      <IsMetricKeyEligible>0</IsMetricKeyEligible>
      <IsMetricValueEligible>0</IsMetricValueEligible>
      <FacetEligible>1</FacetEligible>
      <RangeFacetEligible>0</RangeFacetEligible>
      <TableEligible>1</TableEligible>
      <FacetPriority>1</FacetPriority>
      <Summarizable>1</Summarizable>
      <HighCardinality>1</HighCardinality>
      <LargeData>0</LargeData>
      <MultiValued>0</MultiValued>
      <SMAEnabledSetting>0</SMAEnabledSetting>
   </Field>
   <Field oms_version="2.76.2.0.0">
      <DisplayName>IAM Session ID</DisplayName>
      <Description>IAM Session ID</Description>
      <FieldType>1</FieldType>
      <IsSystem>0</IsSystem>
      <IsPrimary>1</IsPrimary>
      <DataType>STRING</DataType>
      <IsMetricKeyEligible>0</IsMetricKeyEligible>
      <IsMetricValueEligible>0</IsMetricValueEligible>
      <FacetEligible>1</FacetEligible>
      <RangeFacetEligible>0</RangeFacetEligible>
      <TableEligible>1</TableEligible>
      <FacetPriority>1</FacetPriority>
      <Summarizable>1</Summarizable>
      <HighCardinality>1</HighCardinality>
      <LargeData>0</LargeData>
      <MultiValued>0</MultiValued>
      <SMAEnabledSetting>0</SMAEnabledSetting>
   </Field>
   <Field oms_version="2.76.2.0.0">
      <DisplayName>IAM Client IP</DisplayName>
      <FieldType>1</FieldType>
      <IsSystem>0</IsSystem>
      <IsPrimary>1</IsPrimary>
      <DataType>STRING</DataType>
      <IsMetricKeyEligible>0</IsMetricKeyEligible>
      <IsMetricValueEligible>0</IsMetricValueEligible>
      <FacetEligible>1</FacetEligible>
      <RangeFacetEligible>0</RangeFacetEligible>
      <TableEligible>1</TableEligible>
      <FacetPriority>1</FacetPriority>
      <Summarizable>1</Summarizable>
      <HighCardinality>1</HighCardinality>
      <LargeData>0</LargeData>
      <MultiValued>0</MultiValued>
      <SMAEnabledSetting>0</SMAEnabledSetting>
   </Field>
   <Field oms_version="2.76.2.0.0">
      <DisplayName>IAM Identity Provider Type</DisplayName>
      <FieldType>1</FieldType>
      <IsSystem>0</IsSystem>
      <IsPrimary>1</IsPrimary>
      <DataType>STRING</DataType>
      <IsMetricKeyEligible>0</IsMetricKeyEligible>
      <IsMetricValueEligible>0</IsMetricValueEligible>
      <FacetEligible>1</FacetEligible>
      <RangeFacetEligible>0</RangeFacetEligible>
      <TableEligible>1</TableEligible>
      <FacetPriority>1</FacetPriority>
      <Summarizable>1</Summarizable>
      <HighCardinality>1</HighCardinality>
      <LargeData>0</LargeData>
      <MultiValued>0</MultiValued>
      <SMAEnabledSetting>0</SMAEnabledSetting>
   </Field>
   <Field oms_version="2.76.2.0.0">
      <DisplayName>IAM Hostname</DisplayName>
      <Description>Hostname from additional Details</Description>
      <FieldType>1</FieldType>
      <IsSystem>0</IsSystem>
      <IsPrimary>1</IsPrimary>
      <DataType>STRING</DataType>
      <IsMetricKeyEligible>0</IsMetricKeyEligible>
      <IsMetricValueEligible>0</IsMetricValueEligible>
      <FacetEligible>1</FacetEligible>
      <RangeFacetEligible>0</RangeFacetEligible>
      <TableEligible>1</TableEligible>
      <FacetPriority>1</FacetPriority>
      <Summarizable>1</Summarizable>
      <HighCardinality>1</HighCardinality>
      <LargeData>0</LargeData>
      <MultiValued>0</MultiValued>
      <SMAEnabledSetting>0</SMAEnabledSetting>
   </Field>
   <Field oms_version="2.76.2.0.0">
      <DisplayName>IAM Identity Provider</DisplayName>
      <FieldType>1</FieldType>
      <IsSystem>0</IsSystem>
      <IsPrimary>1</IsPrimary>
      <DataType>STRING</DataType>
      <IsMetricKeyEligible>0</IsMetricKeyEligible>
      <IsMetricValueEligible>0</IsMetricValueEligible>
      <FacetEligible>1</FacetEligible>
      <RangeFacetEligible>0</RangeFacetEligible>
      <TableEligible>1</TableEligible>
      <FacetPriority>1</FacetPriority>
      <Summarizable>1</Summarizable>
      <HighCardinality>1</HighCardinality>
      <LargeData>0</LargeData>
      <MultiValued>0</MultiValued>
      <SMAEnabledSetting>0</SMAEnabledSetting>
   </Field>
   <Field oms_version="2.76.2.0.0">
      <DisplayName>IAM EventID</DisplayName>
      <Description>IAM EventID from Additonal Details</Description>
      <FieldType>1</FieldType>
      <IsSystem>0</IsSystem>
      <IsPrimary>1</IsPrimary>
      <DataType>STRING</DataType>
      <IsMetricKeyEligible>0</IsMetricKeyEligible>
      <IsMetricValueEligible>0</IsMetricValueEligible>
      <FacetEligible>1</FacetEligible>
      <RangeFacetEligible>0</RangeFacetEligible>
      <TableEligible>1</TableEligible>
      <FacetPriority>1</FacetPriority>
      <Summarizable>1</Summarizable>
      <HighCardinality>1</HighCardinality>
      <LargeData>0</LargeData>
      <MultiValued>0</MultiValued>
      <SMAEnabledSetting>0</SMAEnabledSetting>
   </Field>
   <Field oms_version="2.76.2.0.0">
      <DisplayName>IAM Domain Name</DisplayName>
      <Description>Domain Name</Description>
      <FieldType>1</FieldType>
      <IsSystem>0</IsSystem>
      <IsPrimary>1</IsPrimary>
      <DataType>STRING</DataType>
      <IsMetricKeyEligible>0</IsMetricKeyEligible>
      <IsMetricValueEligible>0</IsMetricValueEligible>
      <FacetEligible>1</FacetEligible>
      <RangeFacetEligible>0</RangeFacetEligible>
      <TableEligible>1</TableEligible>
      <FacetPriority>1</FacetPriority>
      <Summarizable>1</Summarizable>
      <HighCardinality>1</HighCardinality>
      <LargeData>0</LargeData>
      <MultiValued>0</MultiValued>
      <SMAEnabledSetting>0</SMAEnabledSetting>
   </Field>
   <Field oms_version="2.76.2.0.0">
      <DisplayName>IAM Actor Type</DisplayName>
      <Description>IAM Actor Type</Description>
      <FieldType>1</FieldType>
      <IsSystem>0</IsSystem>
      <IsPrimary>1</IsPrimary>
      <DataType>STRING</DataType>
      <IsMetricKeyEligible>0</IsMetricKeyEligible>
      <IsMetricValueEligible>0</IsMetricValueEligible>
      <FacetEligible>1</FacetEligible>
      <RangeFacetEligible>0</RangeFacetEligible>
      <TableEligible>1</TableEligible>
      <FacetPriority>1</FacetPriority>
      <Summarizable>1</Summarizable>
      <HighCardinality>1</HighCardinality>
      <LargeData>0</LargeData>
      <MultiValued>0</MultiValued>
      <SMAEnabledSetting>0</SMAEnabledSetting>
   </Field>
   <Field oms_version="2.76.2.0.0">
      <DisplayName>IAM Resource Name</DisplayName>
      <Description>resourceName</Description>
      <FieldType>1</FieldType>
      <IsSystem>0</IsSystem>
      <IsPrimary>1</IsPrimary>
      <DataType>STRING</DataType>
      <IsMetricKeyEligible>0</IsMetricKeyEligible>
      <IsMetricValueEligible>0</IsMetricValueEligible>
      <FacetEligible>1</FacetEligible>
      <RangeFacetEligible>0</RangeFacetEligible>
      <TableEligible>1</TableEligible>
      <FacetPriority>1</FacetPriority>
      <Summarizable>1</Summarizable>
      <HighCardinality>1</HighCardinality>
      <LargeData>0</LargeData>
      <MultiValued>0</MultiValued>
      <SMAEnabledSetting>0</SMAEnabledSetting>
   </Field>
   <Field oms_version="2.76.2.0.0">
      <DisplayName>IAM Resource Type</DisplayName>
      <Description>resourceType</Description>
      <FieldType>1</FieldType>
      <IsSystem>0</IsSystem>
      <IsPrimary>1</IsPrimary>
      <DataType>STRING</DataType>
      <IsMetricKeyEligible>0</IsMetricKeyEligible>
      <IsMetricValueEligible>0</IsMetricValueEligible>
      <FacetEligible>1</FacetEligible>
      <RangeFacetEligible>0</RangeFacetEligible>
      <TableEligible>1</TableEligible>
      <FacetPriority>1</FacetPriority>
      <Summarizable>1</Summarizable>
      <HighCardinality>1</HighCardinality>
      <LargeData>0</LargeData>
      <MultiValued>0</MultiValued>
      <SMAEnabledSetting>0</SMAEnabledSetting>
   </Field>
   <Field oms_version="2.76.2.0.0">
      <DisplayName>IAM SSO RP</DisplayName>
      <Description>SSO Resource RP</Description>
      <FieldType>1</FieldType>
      <IsSystem>0</IsSystem>
      <IsPrimary>1</IsPrimary>
      <DataType>STRING</DataType>
      <IsMetricKeyEligible>0</IsMetricKeyEligible>
      <IsMetricValueEligible>0</IsMetricValueEligible>
      <FacetEligible>1</FacetEligible>
      <RangeFacetEligible>0</RangeFacetEligible>
      <TableEligible>1</TableEligible>
      <FacetPriority>1</FacetPriority>
      <Summarizable>1</Summarizable>
      <HighCardinality>1</HighCardinality>
      <LargeData>0</LargeData>
      <MultiValued>0</MultiValued>
      <SMAEnabledSetting>0</SMAEnabledSetting>
   </Field>
   <Field oms_version="2.76.2.0.0">
      <DisplayName>IAM Domain ID</DisplayName>
      <Description>IAM Identity Domain OCID</Description>
      <FieldType>1</FieldType>
      <IsSystem>0</IsSystem>
      <IsPrimary>1</IsPrimary>
      <DataType>STRING</DataType>
      <IsMetricKeyEligible>0</IsMetricKeyEligible>
      <IsMetricValueEligible>0</IsMetricValueEligible>
      <FacetEligible>1</FacetEligible>
      <RangeFacetEligible>0</RangeFacetEligible>
      <TableEligible>1</TableEligible>
      <FacetPriority>1</FacetPriority>
      <Summarizable>1</Summarizable>
      <HighCardinality>1</HighCardinality>
      <LargeData>0</LargeData>
      <MultiValued>0</MultiValued>
      <SMAEnabledSetting>0</SMAEnabledSetting>
   </Field>
   <Parser oms_version="2.76.2.0.0" tokenize_orig_text="1" type="6">
      <Name>IAM Audit Log Format</Name>
      <DisplayName>IAM Audit Log Format</DisplayName>
      <Description>Parser for IAM Audit data from OCI Audit Logs</Description>
      <IsSingleLineContent>0</IsSingleLineContent>
      <HeaderContent>$:0</HeaderContent>
      <ExampleContent>{
  "data": {
    "additionalDetails": {
      "actorDisplayName": "GS Test6",
      "actorGuid": "bf1662629b0b46df83e93a39a842ed35",
      "actorType": "User",
      "resourceType": "AppRole",
      "adminRefResourceName": "GS Test25",
      "adminRefResourceType": "User",
      "adminResourceType": "User",
      "test": "test",
      "adminAppRoleAppName": "AUTOANALYTICS",
      "resourceName": "5830ed78b4934727a597d2e263c3346e_AUTONOMOUS_ANALYTICS_ServiceAdministrator/AUTONOMOUS_ANALYTICS_ServiceAdministrator",
      "clientIp": "10.0.64.2",
      "domainId": "ocid1.domain.oc1..aaaaaaaazftqqjejwfqhonzqnbajewdxeb4adabjjv7fibv5oaad23akzqnq",
      "domainName": "Default",
      "eventId": "sso.session.create.success",
      "hostIp": "10.244.28.18",
      "hostName": "idcs-sso-56d59c656f-b76wn",
      "message": "Session create success",
      "rId": "0:1:6:14",
      "reasonValue": "",
      "ssoApplicationId": "LoginClient_APPID",
      "ssoApplicationName": "IAM LoginClient",
      "ssoApplicationType": "APP",
      "ssoBrowser": "Firefox",
      "ssoCSR": "false",
      "ssoComments": "Session create success",
      "ssoCompletedFactors": "{USERNAME_PASSWORD=AUTH_SUCCESS}",
      "ssoIdentityProvider": "UserNamePassword",
      "ssoIdentityProviderType": "LOCAL",
      "ssoLocalIp": "127.0.0.1",
      "ssoMatchedSignOnPolicy": "DefaultSignOnPolicy",
      "ssoMatchedSignOnPolicyName": "Default Sign-On Policy",
      "ssoMatchedSignOnRule": "DefaultSignOnRule",
      "ssoMatchedSignOnRuleName": "Default Sign-On Rule",
      "ssoPlatform": "Mac OS X",
      "ssoPolicyObligations": "effect:ALLOW,authenticationFactor:IDP,allowUserToSkip2FAEnrolment:false,2FAFrequency:SESSION,reAuthenticate:false,trustedDevice2FAFrequency:",
      "ssoProtectedResource": "https://cloud.oracle.com",
      "ssoRp": "LoginClient_APPID",
      "ssoSessionCreateTime": "2022-03-09T17:18:33Z",
      "ssoSessionExpiryTime": "2022-03-10T01:18:33Z",
      "ssoSessionId": "61142895dd5b4dc7b61e80a15608b31c:2556c9",
      "ssoUserAgent": "Mozilla/5.0 (Macintosh; Intel Mac OS X 10.15; rv:97.0) Gecko/20100101 Firefox/97.0"
    },
    "availabilityDomain": "AD3",
    "compartmentId": "ocid1.tenancy.oc1..aaaaaaaanspf2gdax7fwwpuxxg7s2v4cutbthzjz6jft7mrabzt64ybpfntq",
    "compartmentName": "cc52ef7b06gs",
    "definedTags": null,
    "eventGroupingId": null,
    "eventName": "InteractiveLogin",
    "freeformTags": null,
    "identity": {
      "authType": null,
      "callerId": null,
      "callerName": null,
      "consoleSessionId": null,
      "credentials": null,
      "ipAddress": "10.0.64.2",
      "principalId": null,
      "principalName": "gstest6",
      "tenantId": "ocid1.tenancy.oc1..aaaaaaaanspf2gdax7fwwpuxxg7s2v4cutbthzjz6jft7mrabzt64ybpfntq",
      "userAgent": "Mozilla/5.0 (Macintosh; Intel Mac OS X 10.15; rv:97.0) Gecko/20100101 Firefox/97.0"
    },
    "message": " InteractiveLogin succeeded",
    "request": {
      "action": null,
      "headers": null,
      "id": "DWsez1ESf10000000",
      "parameters": null,
      "path": null
    },
    "resourceId": null,
    "response": {
      "headers": null,
      "message": null,
      "payload": null,
      "responseTime": "2022-03-09T17:18:33.983Z",
      "status": null
    },
    "stateChange": {
      "current": null,
      "previous": null
    }
  },
  "dataschema": "2.0",
  "id": "fd380a65-c887-4d48-8a52-c405c0c96bc4",
  "oracle": {
    "compartmentid": "ocid1.tenancy.oc1..aaaaaaaanspf2gdax7fwwpuxxg7s2v4cutbthzjz6jft7mrabzt64ybpfntq",
    "ingestedtime": "2022-03-09T17:18:38.743Z",
    "loggroupid": "_Audit",
    "tenantid": "ocid1.tenancy.oc1..aaaaaaaanspf2gdax7fwwpuxxg7s2v4cutbthzjz6jft7mrabzt64ybpfntq"
  },
  "source": "",
  "specversion": "1.0",
  "time": "2022-03-09T17:18:33.983Z",
  "type": "com.oraclecloud.IdentitySignOn.InteractiveLogin"
}</ExampleContent>
      <IsSystem>0</IsSystem>
      <Encoding>UTF-8</Encoding>
      <Language>en_US</Language>
      <ParserFields>
         <ParserField>
            <FieldSeq>1</FieldSeq>
            <FieldName>availdomain</FieldName>
            <StructuredColInfo>$.data.availabilityDomain</StructuredColInfo>
         </ParserField>
         <ParserField>
            <FieldSeq>3</FieldSeq>
            <FieldName>compartmentid</FieldName>
            <StructuredColInfo>$.data.compartmentId</StructuredColInfo>
         </ParserField>
         <ParserField>
            <FieldSeq>4</FieldSeq>
            <FieldName>compartmentname</FieldName>
            <StructuredColInfo>$.data.compartmentName</StructuredColInfo>
         </ParserField>
         <ParserField>
            <FieldSeq>5</FieldSeq>
            <FieldName>endeventtime</FieldName>
            <StructuredColInfo>$.data.response.responseTime</StructuredColInfo>
         </ParserField>
         <ParserField>
            <FieldSeq>6</FieldSeq>
            <FieldName>event</FieldName>
            <StructuredColInfo>$.data.eventName</StructuredColInfo>
         </ParserField>
         <ParserField>
            <FieldSeq>7</FieldSeq>
            <FieldName>eventsrc</FieldName>
            <StructuredColInfo>$.source</StructuredColInfo>
         </ParserField>
         <ParserField>
            <FieldSeq>8</FieldSeq>
            <FieldName>reqid</FieldName>
            <StructuredColInfo>$.data.request.id</StructuredColInfo>
         </ParserField>
         <ParserField>
            <FieldSeq>2</FieldSeq>
            <FieldName>srcip</FieldName>
            <StructuredColInfo>$.data.identity.ipAddress</StructuredColInfo>
         </ParserField>
         <ParserField>
            <FieldSeq>9</FieldSeq>
            <FieldName>tenant</FieldName>
            <StructuredColInfo>$.data.identity.tenantId</StructuredColInfo>
         </ParserField>
         <ParserField>
            <FieldSeq>27</FieldSeq>
            <FieldName>type</FieldName>
            <StructuredColInfo>$.type</StructuredColInfo>
         </ParserField>
         <ParserField>
            <FieldSeq>11</FieldSeq>
            <FieldName>udfs1</FieldName>
            <StructuredColInfo>$.data.additionalDetails.actorType</StructuredColInfo>
         </ParserField>
         <ParserField>
            <FieldSeq>26</FieldSeq>
            <FieldName>udfs10</FieldName>
            <StructuredColInfo>$.data.additionalDetails.adminRefResourceName</StructuredColInfo>
         </ParserField>
         <ParserField>
            <FieldSeq>25</FieldSeq>
            <FieldName>udfs11</FieldName>
            <StructuredColInfo>$.data.additionalDetails.adminRefResourceType</StructuredColInfo>
         </ParserField>
         <ParserField>
            <FieldSeq>22</FieldSeq>
            <FieldName>udfs12</FieldName>
            <StructuredColInfo>$.data.additionalDetails.adminAppRoleAppName</StructuredColInfo>
         </ParserField>
         <ParserField>
            <FieldSeq>15</FieldSeq>
            <FieldName>udfs13</FieldName>
            <StructuredColInfo>$.data.additionalDetails.clientIp</StructuredColInfo>
         </ParserField>
         <ParserField>
            <FieldSeq>21</FieldSeq>
            <FieldName>udfs14</FieldName>
            <StructuredColInfo>$.data.additionalDetails.hostName</StructuredColInfo>
         </ParserField>
         <ParserField>
            <FieldSeq>24</FieldSeq>
            <FieldName>udfs15</FieldName>
            <StructuredColInfo>$.data.additionalDetails.resourceName</StructuredColInfo>
         </ParserField>
         <ParserField>
            <FieldSeq>23</FieldSeq>
            <FieldName>udfs16</FieldName>
            <StructuredColInfo>$.data.additionalDetails.resourceType</StructuredColInfo>
         </ParserField>
         <ParserField>
            <FieldSeq>17</FieldSeq>
            <FieldName>udfs17</FieldName>
            <StructuredColInfo>$.data.additionalDetails.ssoRp</StructuredColInfo>
         </ParserField>
         <ParserField>
            <FieldSeq>29</FieldSeq>
            <FieldName>udfs18</FieldName>
            <StructuredColInfo>$.data.additionalDetails.domainId</StructuredColInfo>
         </ParserField>
         <ParserField>
            <FieldSeq>12</FieldSeq>
            <FieldName>udfs2</FieldName>
            <StructuredColInfo>$.data.additionalDetails.domainName</StructuredColInfo>
         </ParserField>
         <ParserField>
            <FieldSeq>13</FieldSeq>
            <FieldName>udfs3</FieldName>
            <StructuredColInfo>$.data.additionalDetails.eventId</StructuredColInfo>
         </ParserField>
         <ParserField>
            <FieldSeq>20</FieldSeq>
            <FieldName>udfs4</FieldName>
            <StructuredColInfo>$.data.additionalDetails.ssoIdentityProvider</StructuredColInfo>
         </ParserField>
         <ParserField>
            <FieldSeq>16</FieldSeq>
            <FieldName>udfs5</FieldName>
            <StructuredColInfo>$.data.additionalDetails.ssoIdentityProviderType</StructuredColInfo>
         </ParserField>
         <ParserField>
            <FieldSeq>18</FieldSeq>
            <FieldName>udfs6</FieldName>
            <StructuredColInfo>$.data.additionalDetails.ssoSessionId</StructuredColInfo>
         </ParserField>
         <ParserField>
            <FieldSeq>10</FieldSeq>
            <FieldName>udfs7</FieldName>
            <StructuredColInfo>$.data.additionalDetails.actorDisplayName</StructuredColInfo>
         </ParserField>
         <ParserField>
            <FieldSeq>19</FieldSeq>
            <FieldName>udfs8</FieldName>
            <StructuredColInfo>$.data.additionalDetails.ssoComments</StructuredColInfo>
         </ParserField>
         <ParserField>
            <FieldSeq>28</FieldSeq>
            <FieldName>udfs9</FieldName>
            <StructuredColInfo>$.data.additionalDetails.adminResourceType</StructuredColInfo>
         </ParserField>
         <ParserField>
            <FieldSeq>14</FieldSeq>
            <FieldName>usrname</FieldName>
            <StructuredColInfo>$.data.identity.principalName</StructuredColInfo>
         </ParserField>
      </ParserFields>
      <WrittenOnce>0</WrittenOnce>
      <IsDefaultParser>1</IsDefaultParser>
      <InUse>1</InUse>
   </Parser>
   <Source name="omc_ociAuditLogSource" oms_version="2.76.2.0.0">
      <SourceType>os_file</SourceType>
      <DisplayName nlsid="logan_nlsid">OCI Audit Logs</DisplayName>
      <Description nlsid="logan_nlsid">Oracle Cloud Infrastructure Audit Logs</Description>
      <IsSystem>1</IsSystem>
      <IsSecureContent>0</IsSecureContent>
      <Parsers>
         <Parser>
            <ParserSeq>3</ParserSeq>
            <ParserName>omc_oci_audit_logtype_v2</ParserName>
         </Parser>
         <Parser>
            <ParserSeq>2</ParserSeq>
            <ParserName>oci_audit_unifmt_logtype</ParserName>
         </Parser>
         <Parser>
            <ParserSeq>1</ParserSeq>
            <ParserName>IAM Audit Log Format</ParserName>
         </Parser>
      </Parsers>
      <ExtFieldDefinitions>
         <Condition field="type" operator="CONTAINS">
            <ConditionValues>
               <ConditionValue>identity</ConditionValue>
            </ConditionValues>
         </Condition>
         <ExtFieldDefinition>
            <BaseFieldName>mbody</BaseFieldName>
            <BaseFieldLogText>\"actorDisplayName\":\"Gustavo Saurez\",\"actorType\":\"User\",\"userAgent\":</BaseFieldLogText>
            <RegexExpression>.,\\"actorType\\":\\"{udfs1:\w+}</RegexExpression>
            <ExtFieldName>udfs1</ExtFieldName>
            <IsSystem>0</IsSystem>
            <IsEnabled>1</IsEnabled>
         </ExtFieldDefinition>
      </ExtFieldDefinitions>
      <SourceFunctions>
         <SourceFunction lookupMode="0" name="Geolocation" order="100" overrideOutputFields="1">
            <SourceInputFields>
               <InputField lkCol="IP Field" order="1">srcip</InputField>
            </SourceInputFields>
            <SourceOutputFields>
               <OutputField lkCol="Continent" order="1">continentclnt</OutputField>
               <OutputField lkCol="Country Code" order="4">countrycodeclnt</OutputField>
               <OutputField lkCol="Coordinates" order="8">geolocclnt</OutputField>
               <OutputField lkCol="Continent Code" order="2">continentcodeclnt</OutputField>
               <OutputField lkCol="City" order="7">cityclnt</OutputField>
               <OutputField lkCol="Country" order="3">countryclnt</OutputField>
               <OutputField lkCol="State Code" order="6">regioncodeclnt</OutputField>
               <OutputField lkCol="State" order="5">regionclnt</OutputField>
            </SourceOutputFields>
            <IsSystem>1</IsSystem>
            <IsEnabled>1</IsEnabled>
         </SourceFunction>
      </SourceFunctions>
      <IsHidden>0</IsHidden>
      <IsSMAEnabled>0</IsSMAEnabled>
   </Source>
   <FieldNameMaps>
      <FieldNameMap>
         <Name>udfs9</Name>
         <DisplayName>IAM Admin Resource Type</DisplayName>
      </FieldNameMap>
      <FieldNameMap>
         <Name>udfs10</Name>
         <DisplayName>IAM Admin Target Name</DisplayName>
      </FieldNameMap>
      <FieldNameMap>
         <Name>udfs8</Name>
         <DisplayName>IAM SSO Comments</DisplayName>
      </FieldNameMap>
      <FieldNameMap>
         <Name>udfs7</Name>
         <DisplayName>IAM Actor Name</DisplayName>
      </FieldNameMap>
      <FieldNameMap>
         <Name>udfs11</Name>
         <DisplayName>IAM Admin Target Type</DisplayName>
      </FieldNameMap>
      <FieldNameMap>
         <Name>udfs12</Name>
         <DisplayName>IAM AppRole App</DisplayName>
      </FieldNameMap>
      <FieldNameMap>
         <Name>udfs6</Name>
         <DisplayName>IAM Session ID</DisplayName>
      </FieldNameMap>
      <FieldNameMap>
         <Name>udfs13</Name>
         <DisplayName>IAM Client IP</DisplayName>
      </FieldNameMap>
      <FieldNameMap>
         <Name>udfs5</Name>
         <DisplayName>IAM Identity Provider Type</DisplayName>
      </FieldNameMap>
      <FieldNameMap>
         <Name>udfs14</Name>
         <DisplayName>IAM Hostname</DisplayName>
      </FieldNameMap>
      <FieldNameMap>
         <Name>udfs4</Name>
         <DisplayName>IAM Identity Provider</DisplayName>
      </FieldNameMap>
      <FieldNameMap>
         <Name>udfs3</Name>
         <DisplayName>IAM EventID</DisplayName>
      </FieldNameMap>
      <FieldNameMap>
         <Name>udfs2</Name>
         <DisplayName>IAM Domain Name</DisplayName>
      </FieldNameMap>
      <FieldNameMap>
         <Name>udfs1</Name>
         <DisplayName>IAM Actor Type</DisplayName>
      </FieldNameMap>
      <FieldNameMap>
         <Name>udfs15</Name>
         <DisplayName>IAM Resource Name</DisplayName>
      </FieldNameMap>
      <FieldNameMap>
         <Name>udfs16</Name>
         <DisplayName>IAM Resource Type</DisplayName>
      </FieldNameMap>
      <FieldNameMap>
         <Name>udfs17</Name>
         <DisplayName>IAM SSO RP</DisplayName>
      </FieldNameMap>
      <FieldNameMap>
         <Name>udfs18</Name>
         <DisplayName>IAM Domain ID</DisplayName>
      </FieldNameMap>
   </FieldNameMaps>
</LoganContent>
